{"searchKeys":[],"hotspots":[{"x":319.14355231143998,"y":192.64233576641999,"width":51.688564476886,"height":46.978102189780998,"actionID":"jumpPres","actionParameter":2}],"index":0,"slideName":"","notes":"","tags":[]}