{"searchKeys":[],"hotspots":[{"x":0,"y":273.45985401460001,"width":29.060827250608,"height":26.540145985401001,"actionID":"jumpPres","actionParameter":1},{"x":155.6399026764,"y":273.45985401460001,"width":28.330900243308999,"height":25.810218978102,"actionID":"jumpPres","actionParameter":1},{"x":186.29683698297001,"y":273.45985401460001,"width":28.330900243308999,"height":26.540145985401001,"actionID":"gotoURL","actionParameter":"https:\/\/prod.cms.my-sandoz.com\/uk-en\/sites\/spare80_sandoz_com\/files\/2024-07\/Zessly%20Prescibing%20Information%20GB%202024%20certified.pdf"},{"x":372.42822384428001,"y":273.45985401460001,"width":26.87104622871,"height":26.540145985401001,"actionID":"jumpPres","actionParameter":3}],"index":1,"tags":[],"slideName":"","notes":""}